<?xml version="1.0" encoding="UTF-8"?>
<project-private xmlns="http://www.netbeans.org/ns/project-private/1">
    <editor-bookmarks xmlns="http://www.netbeans.org/ns/editor-bookmarks/2" lastBookmarkId="0"/>
    <open-files xmlns="http://www.netbeans.org/ns/projectui-open-files/2">
        <group>
            <file>file:/C:/Users/Eagle%20Technology/Documents/NetBeansProjects/CookieImplementation/src/java/RemoveItem.java</file>
            <file>file:/C:/Users/Eagle%20Technology/Documents/NetBeansProjects/CookieImplementation/src/java/ViewCart.java</file>
            <file>file:/C:/Users/Eagle%20Technology/Documents/NetBeansProjects/CookieImplementation/web/index.html</file>
            <file>file:/C:/Users/Eagle%20Technology/Documents/NetBeansProjects/CookieImplementation/src/java/AddItem.java</file>
            <file>file:/C:/Users/Eagle%20Technology/Documents/NetBeansProjects/CookieImplementation/web/add.html</file>
            <file>file:/C:/Users/Eagle%20Technology/Documents/NetBeansProjects/CookieImplementation/web/remove.html</file>
            <file>file:/C:/Users/Eagle%20Technology/Documents/NetBeansProjects/CookieImplementation/web/clear.html</file>
            <file>file:/C:/Users/Eagle%20Technology/Documents/NetBeansProjects/CookieImplementation/web/view.html</file>
            <file>file:/C:/Users/Eagle%20Technology/Documents/NetBeansProjects/CookieImplementation/src/java/ClearCart.java</file>
        </group>
    </open-files>
</project-private>
